person_name,title,organization,role_type,event_name,segment,email,phone,linkedin_url,facebook_url,instagram_url,website,source,confidence,evidence,next_action
FOSTER CARE,Interested in Becoming a Partner?,,sponsor,Behavioral Health Tech 2026,,,,,,,,https://www.behavioralhealthtech.com/2026/partners,probable,Listed on https://www.behavioralhealthtech.com/2026/partners,enrich
,,Pelago,sponsor,Behavioral Health Tech 2026,,,,,,,https://www.pelagohealth.com/,https://www.behavioralhealthtech.com/2026/partners,probable,Logo on https://www.behavioralhealthtech.com/2026/partners,enrich
,,BHT Impact,sponsor,Behavioral Health Tech 2026,,,,,,,https://www.bhtimpact.org/,https://www.behavioralhealthtech.com/2026/partners,probable,Logo on https://www.behavioralhealthtech.com/2026/partners,enrich
,,CredibleMind,sponsor,Behavioral Health Tech 2026,,,,,,,https://crediblemind.com/,https://www.behavioralhealthtech.com/2026/partners,probable,Logo on https://www.behavioralhealthtech.com/2026/partners,enrich
,,Brightside Health,sponsor,Behavioral Health Tech 2026,,,,,,,https://www.brightside.com/,https://www.behavioralhealthtech.com/2026/partners,probable,Logo on https://www.behavioralhealthtech.com/2026/partners,enrich
,,Trayt Health,sponsor,Behavioral Health Tech 2026,,,,,,,https://trayt.health/,https://www.behavioralhealthtech.com/2026/partners,probable,Logo on https://www.behavioralhealthtech.com/2026/partners,enrich
,,Charlie Health,sponsor,Behavioral Health Tech 2026,,,,,,,https://www.charliehealth.com/,https://www.behavioralhealthtech.com/2026/partners,probable,Logo on https://www.behavioralhealthtech.com/2026/partners,enrich
,,Grow Therapy,sponsor,Behavioral Health Tech 2026,,,,,,,https://growtherapy.com/,https://www.behavioralhealthtech.com/2026/partners,probable,Logo on https://www.behavioralhealthtech.com/2026/partners,enrich
,,Anonymous Health,sponsor,Behavioral Health Tech 2026,,,,,,,https://anonymoushealth.com/,https://www.behavioralhealthtech.com/2026/partners,probable,Logo on https://www.behavioralhealthtech.com/2026/partners,enrich
,,Calm Health,sponsor,Behavioral Health Tech 2026,,,,,,,https://www.calm.com/,https://www.behavioralhealthtech.com/2026/partners,probable,Logo on https://www.behavioralhealthtech.com/2026/partners,enrich
,,Tava Health,sponsor,Behavioral Health Tech 2026,,,,,,,https://www.tavahealth.com/,https://www.behavioralhealthtech.com/2026/partners,probable,Logo on https://www.behavioralhealthtech.com/2026/partners,enrich
,,Bend Health,sponsor,Behavioral Health Tech 2026,,,,,,,https://www.bendhealth.com/,https://www.behavioralhealthtech.com/2026/partners,probable,Logo on https://www.behavioralhealthtech.com/2026/partners,enrich
